method,sample_type,seed,training_accuracy,testing_accuracy,training_time,f1_score,roc_auc
DecisionTreeClassifier,control (none),0,0.9170464904284412,0.9090909090909091,0.0018591299995023292,0.8927038626609443,0.9101802871639858
DecisionTreeClassifier,control (none),1,0.9134001823154057,0.8981818181818182,0.001492020001023775,0.875,0.9198423836769946
DecisionTreeClassifier,control (none),2,0.9134001823154057,0.9054545454545454,0.0014531400011037476,0.8992248062015504,0.9255138800593347
DecisionTreeClassifier,control (none),3,0.918869644484959,0.9090909090909091,0.0013914000010117888,0.8847926267281107,0.92456608811749
DecisionTreeClassifier,control (none),4,0.9152233363719234,0.9236363636363636,0.0015151500010688324,0.9113924050632911,0.9275127123228389
DecisionTreeClassifier,control (none),5,0.9197812215132178,0.9018181818181819,0.001386359999742126,0.891566265060241,0.9072409023196424
DecisionTreeClassifier,control (none),6,0.9161349134001823,0.92,0.0014044499985175207,0.9112903225806451,0.9284648982635559
DecisionTreeClassifier,control (none),7,0.92616226071103,0.8690909090909091,0.001447290000214707,0.8378378378378378,0.8860759493670886
DecisionTreeClassifier,control (none),8,0.9143117593436645,0.9272727272727272,0.0014482799997495022,0.9137931034482759,0.9319221967963387
DecisionTreeClassifier,control (none),9,0.9115770282588879,0.9090909090909091,0.0014854500004730653,0.8979591836734694,0.9270301870748299
DecisionTreeClassifier,control (none),10,0.9161349134001823,0.9054545454545454,0.0014083200003369711,0.8907563025210085,0.9288617886178863
DecisionTreeClassifier,control (none),11,0.9216043755697356,0.8945454545454545,0.0014549400002579205,0.8699551569506726,0.8972203911228301
DecisionTreeClassifier,control (none),12,0.9152233363719234,0.8945454545454545,0.0016125300026033074,0.8744588744588745,0.9149731182795697
DecisionTreeClassifier,control (none),13,0.9161349134001823,0.92,0.0014761800011910964,0.905982905982906,0.9334408602150537
DecisionTreeClassifier,control (none),14,0.9152233363719234,0.8981818181818182,0.0014759100013179705,0.8833333333333333,0.9370672206242676
DecisionTreeClassifier,control (none),15,0.9170464904284412,0.9163636363636364,0.001393110000208253,0.9132075471698113,0.926070141979233
DecisionTreeClassifier,control (none),16,0.9225159525979946,0.8945454545454545,0.0016824600024847314,0.8765957446808511,0.9183750134163358
DecisionTreeClassifier,control (none),17,0.9225159525979946,0.8909090909090909,0.0013987799975438975,0.8717948717948718,0.9054960510656712
DecisionTreeClassifier,control (none),18,0.9225159525979946,0.8945454545454545,0.0015490800033148844,0.8806584362139918,0.8975449293966623
DecisionTreeClassifier,control (none),19,0.9161349134001823,0.9090909090909091,0.001590930001839297,0.9077490774907749,0.9291230297260129
DecisionTreeClassifier,control (none),20,0.9152233363719234,0.9163636363636364,0.0013861799998267088,0.9037656903765691,0.9350112697220136
DecisionTreeClassifier,control (none),21,0.9124886052871468,0.9018181818181819,0.0014065200011827983,0.8841201716738197,0.9269259616414872
DecisionTreeClassifier,control (none),22,0.918869644484959,0.9090909090909091,0.0015673499983677175,0.9011857707509882,0.9230399999999999
DecisionTreeClassifier,control (none),23,0.9161349134001823,0.9163636363636364,0.0013519799977075309,0.9068825910931174,0.931878517574599
DecisionTreeClassifier,control (none),24,0.918869644484959,0.9054545454545454,0.0016748099988035392,0.8951612903225806,0.9168264621284754
DecisionTreeClassifier,control (none),25,0.9134001823154057,0.9309090909090909,0.0016147800015460234,0.9254901960784314,0.9405294556301267
DecisionTreeClassifier,control (none),26,0.9206927985414768,0.9018181818181819,0.0014512499983538873,0.8831168831168831,0.9186278743387672
DecisionTreeClassifier,control (none),27,0.9252506836827712,0.8836363636363637,0.0014851800005999394,0.8571428571428571,0.8905335068314899
DecisionTreeClassifier,control (none),28,0.9225159525979946,0.8945454545454545,0.0015193799990811385,0.8825910931174089,0.9065575524176295
DecisionTreeClassifier,control (none),29,0.918869644484959,0.9090909090909091,0.0015237000006891321,0.900398406374502,0.9211119459053343
DecisionTreeClassifier,control (none),30,0.8951686417502279,0.850909090909091,0.0015653699992981274,0.8326530612244898,0.9249973525362702
DecisionTreeClassifier,control (none),31,0.9206927985414768,0.9018181818181819,0.0013967100021545775,0.8810572687224669,0.9045125769189247
DecisionTreeClassifier,control (none),32,0.918869644484959,0.9090909090909091,0.001434329999028705,0.8962655601659751,0.9185789700495582
DecisionTreeClassifier,control (none),33,0.9088422971741112,0.8872727272727273,0.0014705100002174731,0.8744939271255061,0.9137096774193549
DecisionTreeClassifier,control (none),34,0.9152233363719234,0.8981818181818182,0.0013732199986407068,0.8861788617886179,0.9310693027210885
DecisionTreeClassifier,control (none),35,0.8906107566089334,0.9127272727272727,0.0015128099985304289,0.8823529411764706,0.9422038567493113
DecisionTreeClassifier,control (none),36,0.9152233363719234,0.92,0.0014594400017813314,0.9051724137931034,0.9193331178625296
DecisionTreeClassifier,control (none),37,0.918869644484959,0.9090909090909091,0.0014818499985267408,0.900398406374502,0.9218666666666667
DecisionTreeClassifier,control (none),38,0.9161349134001823,0.9163636363636364,0.0014899500019964762,0.9098039215686274,0.9313262599469496
DecisionTreeClassifier,control (none),39,0.918869644484959,0.9090909090909091,0.0013984200013510417,0.8987854251012146,0.9218450734198765
DecisionTreeClassifier,control (none),40,0.9170464904284412,0.9054545454545454,0.0013950899992778432,0.8968253968253969,0.9299798044217686
DecisionTreeClassifier,control (none),41,0.9115770282588879,0.9381818181818182,0.0014902199982316233,0.9317269076305221,0.9455203234730793
DecisionTreeClassifier,control (none),42,0.9252506836827712,0.88,0.0013914000010117888,0.8641975308641975,0.8905086188550755
DecisionTreeClassifier,control (none),43,0.9179580674567,0.8836363636363637,0.0013305600004969165,0.864406779661017,0.9218916898098697
DecisionTreeClassifier,control (none),44,0.9197812215132178,0.8981818181818182,0.0018915300024673343,0.8923076923076924,0.9088616332165234
DecisionTreeClassifier,control (none),45,0.9143117593436645,0.9018181818181819,0.0014187599990691524,0.8629441624365483,0.9076698155645525
DecisionTreeClassifier,control (none),46,0.9161349134001823,0.9163636363636364,0.0013784399998257868,0.9076305220883534,0.9226057313305634
DecisionTreeClassifier,control (none),47,0.9179580674567,0.9090909090909091,0.0014618700006394647,0.8927038626609443,0.9122311827956988
DecisionTreeClassifier,control (none),48,0.9179580674567,0.9090909090909091,0.0013605300009658094,0.8987854251012146,0.9256663480938728
DecisionTreeClassifier,control (none),49,0.9152233363719234,0.8981818181818182,0.0013595400014310144,0.8833333333333333,0.9116533333333334
DecisionTreeClassifier,control (none),50,0.9079307201458523,0.9272727272727272,0.0015371100016636774,0.9130434782608695,0.947983870967742
DecisionTreeClassifier,control (none),51,0.918869644484959,0.9090909090909091,0.0017228699980478268,0.8898678414096917,0.9245380434782609
DecisionTreeClassifier,control (none),52,0.9061075660893345,0.9345454545454546,0.001726020000205608,0.9203539823008849,0.9438087012846811
DecisionTreeClassifier,control (none),53,0.910665451230629,0.8836363636363637,0.0015751799983263481,0.8709677419354839,0.9036533333333333
DecisionTreeClassifier,control (none),54,0.9170464904284412,0.9127272727272727,0.0015093900001375005,0.8983050847457628,0.9278041671164851
DecisionTreeClassifier,control (none),55,0.9134001823154057,0.9163636363636364,0.0013996800007589627,0.8968609865470852,0.9284239130434784
DecisionTreeClassifier,control (none),56,0.9079307201458523,0.9018181818181819,0.0014338799992401619,0.8695652173913043,0.8941170026292725
DecisionTreeClassifier,control (none),57,0.9179580674567,0.88,0.0016058699984569103,0.847926267281106,0.910404467577532
DecisionTreeClassifier,control (none),58,0.9115770282588879,0.9127272727272727,0.0014887800025462639,0.8956521739130435,0.914242620124973
DecisionTreeClassifier,control (none),59,0.9197812215132178,0.8945454545454545,0.0015054299983603414,0.8776371308016878,0.9045125769189248
DecisionTreeClassifier,control (none),60,0.9088422971741112,0.9381818181818182,0.0015510599987464957,0.925764192139738,0.950994623655914
DecisionTreeClassifier,control (none),61,0.910665451230629,0.9090909090909091,0.0015373799978988245,0.8858447488584474,0.9315798098983941
DecisionTreeClassifier,control (none),62,0.9161349134001823,0.9163636363636364,0.0014140799976303242,0.8899521531100478,0.9349019607843136
DecisionTreeClassifier,control (none),63,0.9097538742023701,0.8872727272727273,0.0013827599977958016,0.8634361233480177,0.9038124452234881
DecisionTreeClassifier,control (none),64,0.9161349134001823,0.9163636363636364,0.0013930200002505444,0.8949771689497716,0.9262771739130435
DecisionTreeClassifier,control (none),65,0.9179580674567,0.8945454545454545,0.0014505299986922182,0.8776371308016878,0.9227729117709891
DecisionTreeClassifier,control (none),66,0.9143117593436645,0.9272727272727272,0.001530990000901511,0.9224806201550387,0.9372413793103449
DecisionTreeClassifier,control (none),67,0.9134001823154057,0.9018181818181819,0.0012892500017187558,0.8810572687224669,0.9174193548387096
DecisionTreeClassifier,control (none),68,0.910665451230629,0.9163636363636364,0.0013575599987234455,0.9037656903765691,0.93832
DecisionTreeClassifier,control (none),69,0.9143117593436645,0.8981818181818182,0.0014753700015717186,0.8813559322033898,0.9325963292905441
DecisionTreeClassifier,control (none),70,0.918869644484959,0.8945454545454545,0.0014058000015211292,0.8776371308016878,0.9018804243008679
DecisionTreeClassifier,control (none),71,0.9115770282588879,0.9381818181818182,0.0013700700001209043,0.932806324110672,0.9483666737603746
DecisionTreeClassifier,control (none),72,0.9061075660893345,0.9054545454545454,0.0017820900029619224,0.8951612903225806,0.9203466666666666
DecisionTreeClassifier,control (none),73,0.9216043755697356,0.8909090909090909,0.0015805799994268455,0.88,0.9107427055702918
DecisionTreeClassifier,control (none),74,0.9161349134001823,0.92,0.0015492599995923229,0.9133858267716536,0.9326728454245232
DecisionTreeClassifier,control (none),75,0.9152233363719234,0.8945454545454545,0.0015050699985295068,0.8786610878661087,0.9267490372272142
DecisionTreeClassifier,control (none),76,0.9179580674567,0.9090909090909091,0.0013609800007543527,0.9084249084249084,0.9255527345816142
DecisionTreeClassifier,control (none),77,0.9134001823154057,0.9054545454545454,0.0015714900000602938,0.8925619834710744,0.9245778910481044
DecisionTreeClassifier,control (none),78,0.910665451230629,0.9163636363636364,0.0013661999983014539,0.8878048780487805,0.9575826240742789
DecisionTreeClassifier,control (none),79,0.9225159525979946,0.8872727272727273,0.0013885199987271335,0.8872727272727273,0.9049560521020861
DecisionTreeClassifier,control (none),80,0.9197812215132178,0.9054545454545454,0.001440089999960037,0.8976377952755905,0.9144764843583741
DecisionTreeClassifier,control (none),81,0.9161349134001823,0.9127272727272727,0.001419300002453383,0.9008264462809917,0.929516129032258
DecisionTreeClassifier,control (none),82,0.9088422971741112,0.8872727272727273,0.0014337899992824532,0.8669527896995708,0.9103231403166342
DecisionTreeClassifier,control (none),83,0.9115770282588879,0.92,0.0013752900013059843,0.9153846153846154,0.9371363588278854
DecisionTreeClassifier,control (none),84,0.9170464904284412,0.9127272727272727,0.0014505299986922182,0.9024390243902439,0.9229866666666667
DecisionTreeClassifier,control (none),85,0.918869644484959,0.8909090909090909,0.0014493599992420059,0.88,0.9095677050222505
DecisionTreeClassifier,control (none),86,0.918869644484959,0.8981818181818182,0.001459800001612166,0.8771929824561403,0.921945701357466
DecisionTreeClassifier,control (none),87,0.9161349134001823,0.9090909090909091,0.0014045400021132082,0.9034749034749034,0.924182280088917
DecisionTreeClassifier,control (none),88,0.9197812215132178,0.8945454545454545,0.0015065999978105538,0.8663594470046083,0.9413498622589531
DecisionTreeClassifier,control (none),89,0.9170464904284412,0.9163636363636364,0.0014504400023724884,0.9098039215686274,0.9221233312142402
DecisionTreeClassifier,control (none),90,0.9152233363719234,0.9163636363636364,0.0014909399978932925,0.9004329004329005,0.9427117000646412
DecisionTreeClassifier,control (none),91,0.9179580674567,0.9090909090909091,0.001599660001375014,0.8979591836734694,0.9286666666666666
DecisionTreeClassifier,control (none),92,0.9170464904284412,0.8836363636363637,0.001850669999839738,0.8608695652173913,0.9153738418444299
DecisionTreeClassifier,control (none),93,0.9115770282588879,0.9127272727272727,0.0014463900006376207,0.9117647058823529,0.9350058219540596
DecisionTreeClassifier,control (none),94,0.8951686417502279,0.9236363636363636,0.0015426899990416132,0.9135802469135802,0.9465484180249282
DecisionTreeClassifier,control (none),95,0.9088422971741112,0.9236363636363636,0.0014836500013188925,0.9149797570850202,0.945498511904762
DecisionTreeClassifier,control (none),96,0.9206927985414768,0.8945454545454545,0.0016046099990489893,0.8765957446808511,0.9080266666666665
DecisionTreeClassifier,control (none),97,0.9216043755697356,0.8872727272727273,0.0014726699992024805,0.8713692946058091,0.9127133197381132
DecisionTreeClassifier,control (none),98,0.9143117593436645,0.9018181818181819,0.001458270002331119,0.8789237668161435,0.932608695652174
DecisionTreeClassifier,control (none),99,0.9124886052871468,0.9090909090909091,0.001445310001145117,0.8917748917748918,0.9321225758062788
AdaBoostClassifier,control (none),0,1.0,0.9890909090909091,0.04475150999860489,0.9873417721518988,0.9998380654215697
AdaBoostClassifier,control (none),1,1.0,1.0,0.04455575999963912,1.0,1.0
AdaBoostClassifier,control (none),2,1.0,0.9890909090909091,0.044730720001098234,0.9887640449438202,0.9997880906971816
AdaBoostClassifier,control (none),3,1.0,0.9963636363636363,0.04482944999836036,0.9953488372093023,1.0
AdaBoostClassifier,control (none),4,1.0,0.9963636363636363,0.0446938200002478,0.9957446808510638,1.0
AdaBoostClassifier,control (none),5,1.0,0.9963636363636363,0.04215960000146879,0.996078431372549,0.9998935943817835
AdaBoostClassifier,control (none),6,1.0,1.0,0.041049899999052286,1.0,1.0
AdaBoostClassifier,control (none),7,1.0,0.9963636363636363,0.04244183999981033,0.9957446808510638,0.9999459050091961
AdaBoostClassifier,control (none),8,1.0,1.0,0.04193199000292225,1.0,1.0
AdaBoostClassifier,control (none),9,1.0,0.9927272727272727,0.04120830000101705,0.9921259842519685,0.999468537414966
AdaBoostClassifier,control (none),10,1.0,0.9963636363636363,0.042454350001207786,0.9959514170040485,0.9998395378690629
AdaBoostClassifier,control (none),11,1.0,0.9890909090909091,0.040509539998311084,0.9866666666666667,0.9998352010547131
AdaBoostClassifier,control (none),12,1.0,0.9927272727272727,0.042352739998023026,0.9916666666666667,0.9999462365591398
AdaBoostClassifier,control (none),13,1.0,0.9963636363636363,0.042602039997291286,0.995850622406639,0.9999462365591398
AdaBoostClassifier,control (none),14,1.0,0.9927272727272727,0.042274709998309845,0.9920634920634921,0.9998402045381911
AdaBoostClassifier,control (none),15,1.0,0.9890909090909091,0.040960799997264985,0.9885931558935361,0.9996291587200677
AdaBoostClassifier,control (none),16,1.0,1.0,0.04078449000007822,1.0,1.0
AdaBoostClassifier,control (none),17,1.0,0.9890909090909091,0.040878809999412624,0.9872340425531915,0.9997836200367847
AdaBoostClassifier,control (none),18,1.0,0.9927272727272727,0.04201191000174731,0.9919354838709677,0.9997860504920839
AdaBoostClassifier,control (none),19,1.0,0.9963636363636363,0.041127210002741776,0.9963636363636363,0.999788426954406
AdaBoostClassifier,control (none),20,1.0,1.0,0.04309416000251076,1.0,1.0
AdaBoostClassifier,control (none),21,1.0,0.9963636363636363,0.04107861000011326,0.9959183673469387,1.0
AdaBoostClassifier,control (none),22,1.0,1.0,0.04189860000042245,1.0,1.0
AdaBoostClassifier,control (none),23,1.0,0.9963636363636363,0.04183551000096486,0.9961089494163424,1.0
AdaBoostClassifier,control (none),24,1.0,0.9890909090909091,0.042151320001721615,0.9881422924901185,0.9998934696921273
AdaBoostClassifier,control (none),25,1.0,0.9963636363636363,0.04172733000086737,0.9960474308300395,0.9998402045381912
AdaBoostClassifier,control (none),26,1.0,0.9963636363636363,0.040864319998945575,0.9957805907172996,1.0
AdaBoostClassifier,control (none),27,1.0,0.9890909090909091,0.04062762000103248,0.9871244635193133,0.9998373454782042
AdaBoostClassifier,control (none),28,1.0,1.0,0.04103712000141968,1.0,1.0
AdaBoostClassifier,control (none),29,1.0,0.9890909090909091,0.041059800001676194,0.9877551020408163,1.0
AdaBoostClassifier,control (none),30,1.0,0.9890909090909091,0.039905909998196876,0.9887640449438202,0.9988880652335063
AdaBoostClassifier,control (none),31,1.0,0.9963636363636363,0.04456286999993608,0.9957805907172996,0.9998920436143797
AdaBoostClassifier,control (none),32,1.0,1.0,0.04477824000059627,1.0,1.0
AdaBoostClassifier,control (none),33,1.0,0.9963636363636363,0.04064238000137266,0.995850622406639,0.9998924731182797
AdaBoostClassifier,control (none),34,1.0,0.9890909090909091,0.040681980000954354,0.9884169884169884,0.9995216836734694
AdaBoostClassifier,control (none),35,1.0,0.9890909090909091,0.04123727999831317,0.9863013698630136,0.9996143250688706
AdaBoostClassifier,control (none),36,1.0,0.9927272727272727,0.041037480001250515,0.9915966386554622,0.9997306614953674
AdaBoostClassifier,control (none),37,1.0,0.9963636363636363,0.04126365000047372,0.9959839357429718,0.9998933333333333
AdaBoostClassifier,control (none),38,1.0,0.9963636363636363,0.04239503999997396,0.9961685823754789,1.0
AdaBoostClassifier,control (none),39,1.0,1.0,0.04123682999852463,1.0,1.0
AdaBoostClassifier,control (none),40,1.0,0.9963636363636363,0.0428371199996036,0.9961089494163424,0.9998937074829932
AdaBoostClassifier,control (none),41,1.0,0.9963636363636363,0.041169240001181606,0.9960474308300395,1.0
AdaBoostClassifier,control (none),42,1.0,0.9927272727272727,0.041000130000611534,0.9921259842519685,0.9999467971908916
AdaBoostClassifier,control (none),43,1.0,0.9854545454545455,0.041487390000838786,0.984,0.9985580004272591
AdaBoostClassifier,control (none),44,1.0,0.9963636363636363,0.041440230001171585,0.9961389961389961,0.9999469045343528
AdaBoostClassifier,control (none),45,1.0,1.0,0.04077333000168437,1.0,1.0
AdaBoostClassifier,control (none),46,1.0,0.9890909090909091,0.04041972000050009,0.9879518072289156,0.9998402045381911
AdaBoostClassifier,control (none),47,1.0,0.9927272727272727,0.0401366699989012,0.9916666666666667,0.9996774193548388
AdaBoostClassifier,control (none),48,1.0,0.9890909090909091,0.04092813000170281,0.9883268482490273,0.9998407136030584
AdaBoostClassifier,control (none),49,1.0,0.9963636363636363,0.04203116999997292,0.9960159362549801,1.0
AdaBoostClassifier,control (none),50,1.0,0.9927272727272727,0.04029470999739715,0.9916666666666667,0.9999462365591397
AdaBoostClassifier,control (none),51,1.0,0.9854545454545455,0.04135796999980812,0.9824561403508771,0.9994021739130435
AdaBoostClassifier,control (none),52,1.0,1.0,0.04034591999879922,1.0,1.0
AdaBoostClassifier,control (none),53,1.0,0.9890909090909091,0.04131090000009863,0.9880478087649402,0.9996266666666667
AdaBoostClassifier,control (none),54,1.0,1.0,0.040733010002441006,1.0,1.0
AdaBoostClassifier,control (none),55,1.0,0.9963636363636363,0.041669189999083756,0.9956709956709957,0.9999456521739131
AdaBoostClassifier,control (none),56,1.0,0.9963636363636363,0.041731470002559945,0.9955555555555555,1.0
AdaBoostClassifier,control (none),57,1.0,1.0,0.04146552000020165,1.0,1.0
AdaBoostClassifier,control (none),58,1.0,0.9854545454545455,0.04034817000137991,0.9834710743801653,0.9996767937944409
AdaBoostClassifier,control (none),59,1.0,0.9927272727272727,0.040762079999694834,0.9914529914529915,1.0
AdaBoostClassifier,control (none),60,1.0,1.0,0.040672889997949824,1.0,1.0
AdaBoostClassifier,control (none),61,1.0,0.9963636363636363,0.04275179999967804,0.9955947136563876,0.9998907462034305
AdaBoostClassifier,control (none),62,1.0,0.9963636363636363,0.0412764300017443,0.995260663507109,1.0
AdaBoostClassifier,control (none),63,1.0,0.9927272727272727,0.04148441999859642,0.9911504424778761,1.0
AdaBoostClassifier,control (none),64,1.0,0.9963636363636363,0.04097213999921223,0.9956709956709957,0.9996739130434782
AdaBoostClassifier,control (none),65,1.0,0.9890909090909091,0.04280967000158853,0.9879518072289156,0.999732963042085
AdaBoostClassifier,control (none),66,1.0,0.9963636363636363,0.04041810000126134,0.9961685823754789,0.9999469496021219
AdaBoostClassifier,control (none),67,1.0,0.9963636363636363,0.0407007900030294,0.995850622406639,0.9999462365591398
AdaBoostClassifier,control (none),68,1.0,0.9963636363636363,0.04104242999892449,0.9960159362549801,1.0
AdaBoostClassifier,control (none),69,1.0,0.9963636363636363,0.04046516999733285,0.9958847736625515,0.9999463346570784
AdaBoostClassifier,control (none),70,1.0,0.9927272727272727,0.04256873999838717,0.991869918699187,0.9997857066323798
AdaBoostClassifier,control (none),71,1.0,0.9963636363636363,0.041288669999630656,0.9960474308300395,0.9998935943817834
AdaBoostClassifier,control (none),72,1.0,1.0,0.0411572699995304,1.0,1.0
AdaBoostClassifier,control (none),73,1.0,1.0,0.04018967999945744,1.0,1.0
AdaBoostClassifier,control (none),74,1.0,0.9927272727272727,0.04040136000185157,0.9920634920634921,0.9999467348460637
AdaBoostClassifier,control (none),75,1.0,0.9927272727272727,0.04074381000100402,0.9919354838709677,0.9995186136071887
AdaBoostClassifier,control (none),76,1.0,0.9963636363636363,0.041917139998986386,0.9963369963369964,0.9999471067386014
AdaBoostClassifier,control (none),77,1.0,1.0,0.04143554999973276,1.0,1.0
AdaBoostClassifier,control (none),78,1.0,0.9963636363636363,0.04160574000343331,0.9954337899543378,0.9999447330606831
AdaBoostClassifier,control (none),79,1.0,0.9963636363636363,0.04069979999985662,0.9964912280701754,0.999947050725405
AdaBoostClassifier,control (none),80,1.0,0.9927272727272727,0.041641020001407014,0.9921875,1.0
AdaBoostClassifier,control (none),81,1.0,1.0,0.04156209000211675,1.0,1.0
AdaBoostClassifier,control (none),82,1.0,0.9963636363636363,0.04170113999862224,0.9957081545064378,0.9998915636521362
AdaBoostClassifier,control (none),83,1.0,0.9963636363636363,0.04163921999861486,0.9963636363636363,0.999788426954406
AdaBoostClassifier,control (none),84,1.0,0.9927272727272727,0.04034187000070233,0.992,0.9998933333333334
AdaBoostClassifier,control (none),85,1.0,0.9890909090909091,0.04118426999775693,0.9885931558935361,0.999735113371477
AdaBoostClassifier,control (none),86,1.0,0.9890909090909091,0.04077872999914689,0.9874476987447699,0.9994074552898081
AdaBoostClassifier,control (none),87,1.0,0.9854545454545455,0.04094342999815126,0.9849624060150376,0.9998412194347411
AdaBoostClassifier,control (none),88,1.0,0.9963636363636363,0.04216995000024326,0.995475113122172,1.0
AdaBoostClassifier,control (none),89,1.0,0.9963636363636363,0.04147227000066778,0.9962264150943396,0.9999470226742954
AdaBoostClassifier,control (none),90,1.0,1.0,0.0414681299989752,1.0,1.0
AdaBoostClassifier,control (none),91,1.0,0.9963636363636363,0.04065524999896297,0.9960159362549801,0.99984
AdaBoostClassifier,control (none),92,1.0,0.9963636363636363,0.041174009998940164,0.99581589958159,0.9990303813833226
AdaBoostClassifier,control (none),93,1.0,0.9963636363636363,0.04111550999732572,0.9964664310954063,0.9996824388694824
AdaBoostClassifier,control (none),94,1.0,1.0,0.040971239999635145,1.0,1.0
AdaBoostClassifier,control (none),95,1.0,0.9963636363636363,0.04027311000027112,0.996078431372549,1.0
AdaBoostClassifier,control (none),96,1.0,0.9890909090909091,0.04053419999763719,0.9878542510121457,0.9997866666666666
AdaBoostClassifier,control (none),97,1.0,0.9963636363636363,0.04078440000012051,0.9958847736625515,0.9997316732853924
AdaBoostClassifier,control (none),98,1.0,0.9927272727272727,0.04072355999960564,0.9912280701754386,0.9999456521739131
AdaBoostClassifier,control (none),99,1.0,0.9963636363636363,0.04084173000228475,0.9958847736625515,0.999946426658095
HistGradientBoostingClassifier,control (none),0,1.0,0.9890909090909091,0.2085105600017414,0.9873417721518988,0.9998920436143797
HistGradientBoostingClassifier,control (none),1,1.0,1.0,0.1246952700021211,1.0,1.0
HistGradientBoostingClassifier,control (none),2,1.0,0.9927272727272727,0.1614205799996853,0.9924812030075187,0.9999999999999999
HistGradientBoostingClassifier,control (none),3,1.0,0.9927272727272727,0.1277055000027758,0.9907407407407407,0.9999443702714731
HistGradientBoostingClassifier,control (none),4,1.0,1.0,0.14302052999846637,1.0,1.0
HistGradientBoostingClassifier,control (none),5,1.0,0.9890909090909091,0.13768613999855006,0.9881422924901185,0.9997871887635666
HistGradientBoostingClassifier,control (none),6,1.0,1.0,0.11794023000038578,1.0,1.0
HistGradientBoostingClassifier,control (none),7,1.0,0.9927272727272727,0.1901268000001437,0.9915254237288136,0.9999459050091961
HistGradientBoostingClassifier,control (none),8,1.0,0.9963636363636363,0.12598137000168208,0.9955947136563876,1.0
HistGradientBoostingClassifier,control (none),9,1.0,0.9818181818181818,0.12381182999888551,0.9802371541501976,0.9993622448979592
HistGradientBoostingClassifier,control (none),10,1.0,1.0,0.12356981999982963,1.0,1.0
HistGradientBoostingClassifier,control (none),11,1.0,0.9818181818181818,0.11845214999993914,0.9775784753363229,0.9996154691276643
HistGradientBoostingClassifier,control (none),12,1.0,0.9927272727272727,0.12974652000048081,0.9917355371900827,0.9998924731182797
HistGradientBoostingClassifier,control (none),13,1.0,1.0,0.20582370000192896,1.0,0.9999999999999999
HistGradientBoostingClassifier,control (none),14,1.0,0.9854545454545455,0.12042603000008967,0.984251968503937,0.9998402045381911
HistGradientBoostingClassifier,control (none),15,1.0,0.9854545454545455,0.13818743999945582,0.9847328244274809,0.999735113371477
HistGradientBoostingClassifier,control (none),16,1.0,0.9890909090909091,0.1716349500020442,0.9876543209876543,0.9998926693141569
HistGradientBoostingClassifier,control (none),17,1.0,0.9963636363636363,0.21137147999979788,0.9957081545064378,0.9999459050091962
HistGradientBoostingClassifier,control (none),18,1.0,0.9890909090909091,0.16224543000134872,0.9878542510121457,0.9997860504920839
HistGradientBoostingClassifier,control (none),19,1.0,0.9927272727272727,0.12489399000332924,0.9926470588235294,0.9998413202158045
HistGradientBoostingClassifier,control (none),20,1.0,1.0,0.13891914000123506,1.0,1.0
HistGradientBoostingClassifier,control (none),21,1.0,1.0,0.15017759999682312,1.0,1.0
HistGradientBoostingClassifier,control (none),22,1.0,0.9963636363636363,0.12568698000177392,0.9959839357429718,1.0
HistGradientBoostingClassifier,control (none),23,1.0,0.9927272727272727,0.12254984999890439,0.9922480620155039,0.9998407136030583
HistGradientBoostingClassifier,control (none),24,1.0,0.9927272727272727,0.1713805199979106,0.9920634920634921,0.9997336742303186
HistGradientBoostingClassifier,control (none),25,1.0,0.9854545454545455,0.15769476000059512,0.984251968503937,0.9997869393842548
HistGradientBoostingClassifier,control (none),26,1.0,0.9963636363636363,0.13414598999952432,0.9957805907172996,0.9999999999999999
HistGradientBoostingClassifier,control (none),27,1.0,0.9963636363636363,0.24948170999778085,0.9957081545064378,1.0
HistGradientBoostingClassifier,control (none),28,1.0,0.9963636363636363,0.45823985999959405,0.9959183673469387,0.9999999999999999
HistGradientBoostingClassifier,control (none),29,1.0,0.9927272727272727,0.15077718000247842,0.9918032786885246,1.0
HistGradientBoostingClassifier,control (none),30,1.0,0.9890909090909091,0.12822876000063843,0.9887640449438202,0.9997882029016202
HistGradientBoostingClassifier,control (none),31,1.0,0.9927272727272727,0.1689345000013418,0.9915254237288136,0.9998920436143798
HistGradientBoostingClassifier,control (none),32,1.0,1.0,0.22573376999935135,1.0,1.0
HistGradientBoostingClassifier,control (none),33,1.0,0.9963636363636363,0.1269202499970561,0.995850622406639,0.9999999999999999
HistGradientBoostingClassifier,control (none),34,1.0,0.9818181818181818,0.1354535999998916,0.980544747081712,0.9993090986394558
HistGradientBoostingClassifier,control (none),35,1.0,0.9927272727272727,0.1354931999994733,0.990909090909091,0.9999449035812672
HistGradientBoostingClassifier,control (none),36,1.0,0.9854545454545455,0.11824128000080236,0.9829059829059829,0.999676793794441
HistGradientBoostingClassifier,control (none),37,1.0,0.9854545454545455,0.16369622999991407,0.9841269841269841,0.9997866666666666
HistGradientBoostingClassifier,control (none),38,1.0,1.0,0.12953043000015896,1.0,1.0
HistGradientBoostingClassifier,control (none),39,1.0,1.0,0.13112370000089868,1.0,1.0
HistGradientBoostingClassifier,control (none),40,1.0,0.9927272727272727,0.11852406000252813,0.9921875,0.9999468537414966
HistGradientBoostingClassifier,control (none),41,1.0,0.9963636363636363,0.15826238999943598,0.9960474308300395,1.0
HistGradientBoostingClassifier,control (none),42,1.0,0.9927272727272727,0.11923209000087809,0.9920634920634921,0.9999467971908916
HistGradientBoostingClassifier,control (none),43,1.0,0.9854545454545455,0.21115053000175976,0.984,0.9995193334757532
HistGradientBoostingClassifier,control (none),44,1.0,0.9963636363636363,0.12431627999831107,0.9961089494163424,0.9999469045343529
HistGradientBoostingClassifier,control (none),45,1.0,0.9963636363636363,0.14720112000213703,0.9951690821256038,0.9999437696806117
HistGradientBoostingClassifier,control (none),46,1.0,0.9781818181818182,0.1499065200005134,0.975609756097561,0.9996804090763822
HistGradientBoostingClassifier,control (none),47,1.0,0.9890909090909091,0.2080440899990208,0.9874476987447699,0.9998924731182796
HistGradientBoostingClassifier,control (none),48,1.0,0.9927272727272727,0.1586999700011802,0.9922480620155039,0.999787618137411
HistGradientBoostingClassifier,control (none),49,1.0,0.9963636363636363,0.12437252999734483,0.9960159362549801,1.0
HistGradientBoostingClassifier,control (none),50,1.0,0.9927272727272727,0.12275738999960595,0.9916666666666667,0.9999462365591397
HistGradientBoostingClassifier,control (none),51,1.0,0.9818181818181818,0.1392990300009842,0.9779735682819384,0.9995108695652175
HistGradientBoostingClassifier,control (none),52,1.0,1.0,0.1421224199984863,1.0,1.0
HistGradientBoostingClassifier,control (none),53,1.0,0.9927272727272727,0.14511581999977352,0.992,0.9999466666666667
HistGradientBoostingClassifier,control (none),54,1.0,0.9963636363636363,0.16920693000065512,0.9957446808510638,1.0
HistGradientBoostingClassifier,control (none),55,1.0,0.9927272727272727,0.13007907000064733,0.991304347826087,0.9999456521739131
HistGradientBoostingClassifier,control (none),56,1.0,1.0,0.14213033999840263,1.0,1.0
HistGradientBoostingClassifier,control (none),57,1.0,1.0,0.1457362799992552,1.0,1.0
HistGradientBoostingClassifier,control (none),58,1.0,0.9854545454545455,0.11662470000010217,0.9834710743801653,0.9999461322990736
HistGradientBoostingClassifier,control (none),59,1.0,0.9963636363636363,0.16022682000038913,0.9957446808510638,0.9998380654215697
HistGradientBoostingClassifier,control (none),60,1.0,1.0,0.14954777999810176,1.0,1.0
HistGradientBoostingClassifier,control (none),61,1.0,0.9963636363636363,0.1224149400004535,0.9955947136563876,0.9999453731017153
HistGradientBoostingClassifier,control (none),62,1.0,1.0,0.12002103000122588,1.0,1.0
HistGradientBoostingClassifier,control (none),63,1.0,0.9963636363636363,0.20481380999990506,0.9955555555555555,1.0
HistGradientBoostingClassifier,control (none),64,1.0,0.9963636363636363,0.12697128000218072,0.9956331877729258,1.0
HistGradientBoostingClassifier,control (none),65,1.0,0.9927272727272727,0.13815890999831026,0.992,1.0
HistGradientBoostingClassifier,control (none),66,1.0,0.9927272727272727,0.1231589700000768,0.9923076923076923,0.9998408488063659
HistGradientBoostingClassifier,control (none),67,1.0,0.9963636363636363,0.3439923300029477,0.995850622406639,0.9999999999999999
HistGradientBoostingClassifier,control (none),68,1.0,0.9927272727272727,0.13529655000093044,0.9920634920634921,1.0
HistGradientBoostingClassifier,control (none),69,1.0,0.9963636363636363,0.48725135999848135,0.9958847736625515,1.0
HistGradientBoostingClassifier,control (none),70,1.0,0.9927272727272727,0.19830096000077901,0.991869918699187,1.0
HistGradientBoostingClassifier,control (none),71,1.0,0.9927272727272727,4.334350140001334,0.9921259842519685,0.9998935943817833
HistGradientBoostingClassifier,control (none),72,1.0,0.9963636363636363,4.412470499999472,0.9959839357429718,1.0
HistGradientBoostingClassifier,control (none),73,1.0,1.0,0.4188796199996432,1.0,1.0
HistGradientBoostingClassifier,control (none),74,1.0,0.9927272727272727,0.16418690999853425,0.9921259842519685,0.9995206136145733
HistGradientBoostingClassifier,control (none),75,1.0,1.0,0.37585898999896017,1.0,1.0
HistGradientBoostingClassifier,control (none),76,1.0,0.9890909090909091,0.13629483000113396,0.989010989010989,0.9998413202158045
HistGradientBoostingClassifier,control (none),77,1.0,0.9854545454545455,0.3263500799985195,0.984251968503937,1.0
HistGradientBoostingClassifier,control (none),78,1.0,0.9927272727272727,0.18624644999727025,0.9908256880733946,0.9998341991820494
HistGradientBoostingClassifier,control (none),79,1.0,0.9963636363636363,0.12347873999897274,0.9964664310954063,0.9999470507254051
HistGradientBoostingClassifier,control (none),80,1.0,0.9927272727272727,0.12841766999918036,0.9921875,1.0
HistGradientBoostingClassifier,control (none),81,1.0,0.9963636363636363,0.12129210000057356,0.995850622406639,1.0
HistGradientBoostingClassifier,control (none),82,1.0,0.9854545454545455,0.11623076999967452,0.9827586206896551,0.9997289091303404
HistGradientBoostingClassifier,control (none),83,1.0,0.9963636363636363,0.2044617300016398,0.9963636363636363,0.9998942134772031
HistGradientBoostingClassifier,control (none),84,1.0,0.9963636363636363,0.15316334999806713,0.9960159362549801,1.0
HistGradientBoostingClassifier,control (none),85,1.0,0.9927272727272727,0.2623869000017294,0.9924242424242424,0.9997880906971816
HistGradientBoostingClassifier,control (none),86,1.0,0.9854545454545455,0.2074008599993249,0.9833333333333333,0.9995151906916612
HistGradientBoostingClassifier,control (none),87,1.0,0.9927272727272727,0.19106711999847903,0.9925373134328358,0.9998412194347412
HistGradientBoostingClassifier,control (none),88,1.0,0.9963636363636363,0.2777776199982327,0.9954337899543378,0.9999449035812672
HistGradientBoostingClassifier,control (none),89,1.0,0.9927272727272727,0.22626755999954185,0.9924242424242424,0.9999470226742955
HistGradientBoostingClassifier,control (none),90,1.0,1.0,0.14780493000216666,1.0,1.0
HistGradientBoostingClassifier,control (none),91,1.0,0.9963636363636363,0.1243424700005562,0.9960159362549801,0.9997866666666668
HistGradientBoostingClassifier,control (none),92,1.0,0.9927272727272727,0.15970940999977756,0.9915966386554622,0.9999461322990735
HistGradientBoostingClassifier,control (none),93,1.0,0.9890909090909091,0.15335846999732894,0.9893238434163701,0.9998941462898274
HistGradientBoostingClassifier,control (none),94,1.0,1.0,0.14013206999879912,1.0,1.0
HistGradientBoostingClassifier,control (none),95,1.0,0.9927272727272727,0.19032452999817906,0.9921259842519685,1.0
HistGradientBoostingClassifier,control (none),96,1.0,0.9854545454545455,0.178867620001256,0.9838709677419355,0.9997866666666666
HistGradientBoostingClassifier,control (none),97,1.0,0.9963636363636363,0.226119060000201,0.9958847736625515,0.9999999999999999
HistGradientBoostingClassifier,control (none),98,1.0,0.9854545454545455,0.1394523000017216,0.9823008849557522,0.9999999999999999
HistGradientBoostingClassifier,control (none),99,1.0,0.9963636363636363,0.12941235000107554,0.9959183673469387,1.0
RandomForestClassifier,control (none),0,1.0,0.9890909090909091,0.03135141000166186,0.9872340425531915,0.9996491417467344
RandomForestClassifier,control (none),1,1.0,0.9963636363636363,0.03302181000253768,0.9957805907172996,0.9998110763251646
RandomForestClassifier,control (none),2,1.0,0.9890909090909091,0.03211379999993369,0.9887640449438202,0.9989404534859081
RandomForestClassifier,control (none),3,1.0,0.9890909090909091,0.03102488999866182,0.9861751152073732,0.9998887405429461
RandomForestClassifier,control (none),4,1.0,0.9927272727272727,0.03180743999837432,0.9915254237288136,1.0
RandomForestClassifier,control (none),5,1.0,0.9854545454545455,0.031066380000993377,0.9841269841269841,0.999840391572675
RandomForestClassifier,control (none),6,1.0,0.9963636363636363,0.03148793999935151,0.9960159362549801,0.9998934696921273
RandomForestClassifier,control (none),7,1.0,0.9890909090909091,0.03214079999816022,0.9871244635193133,0.9996754300551769
RandomForestClassifier,control (none),8,1.0,0.9927272727272727,0.03164147999996203,0.9912280701754386,0.9998910319276452
RandomForestClassifier,control (none),9,1.0,0.9781818181818182,0.031025250002130633,0.9761904761904762,0.9988573554421769
RandomForestClassifier,control (none),10,1.0,0.9927272727272727,0.03224978999787709,0.9918032786885246,0.999893025246042
RandomForestClassifier,control (none),11,1.0,0.9854545454545455,0.031925790000968846,0.9823008849557522,0.9999176005273566
RandomForestClassifier,control (none),12,1.0,0.9854545454545455,0.03128543999991962,0.9834710743801653,0.9992741935483871
RandomForestClassifier,control (none),13,1.0,0.9890909090909091,0.03121307999754208,0.9874476987447699,0.999758064516129
RandomForestClassifier,control (none),14,1.0,0.9927272727272727,0.03156849000151851,0.9921259842519685,0.9998668371151592
RandomForestClassifier,control (none),15,1.0,0.9890909090909091,0.03150585000184947,0.9885057471264368,0.9987815215087943
RandomForestClassifier,control (none),16,1.0,0.9963636363636363,0.031653089998144424,0.9958847736625515,0.9998390039712354
RandomForestClassifier,control (none),17,1.0,0.9854545454545455,0.0304265699996904,0.9830508474576272,0.9997565725413826
RandomForestClassifier,control (none),18,1.0,0.9927272727272727,0.0305861399974674,0.9919354838709677,0.9999465126230209
RandomForestClassifier,control (none),19,1.0,0.9927272727272727,0.031502069999987725,0.9926470588235294,0.999682640431609
RandomForestClassifier,control (none),20,1.0,0.9890909090909091,0.03171537000162061,0.9876543209876543,0.9998390039712355
RandomForestClassifier,control (none),21,1.0,0.9890909090909091,0.03156209999724524,0.9878542510121457,0.9997857066323796
RandomForestClassifier,control (none),22,1.0,0.9890909090909091,0.031522950001090067,0.9879518072289156,0.9998400000000001
RandomForestClassifier,control (none),23,1.0,1.0,0.03180698999858578,1.0,0.9999999999999999
RandomForestClassifier,control (none),24,1.0,0.9854545454545455,0.0316196999992826,0.9841269841269841,0.9995738787685096
RandomForestClassifier,control (none),25,1.0,0.9927272727272727,0.03100248000191641,0.9921259842519685,1.0
RandomForestClassifier,control (none),26,1.0,0.9963636363636363,0.030903030001354637,0.9957805907172996,1.0
RandomForestClassifier,control (none),27,1.0,0.9890909090909091,0.03105234000031487,0.9871244635193133,0.9996204727824768
RandomForestClassifier,control (none),28,1.0,1.0,0.03436092000265489,1.0,1.0
RandomForestClassifier,control (none),29,1.0,0.9818181818181818,0.032192100003157975,0.979757085020243,0.9995706772566277
RandomForestClassifier,control (none),30,1.0,0.9781818181818182,0.03191291999974055,0.9777777777777777,0.9996028804405379
RandomForestClassifier,control (none),31,1.0,0.9854545454545455,0.03142097999807447,0.9831932773109243,0.9995951635539243
RandomForestClassifier,control (none),32,1.0,0.9927272727272727,0.03081222000037087,0.9916666666666667,0.9997306614953674
RandomForestClassifier,control (none),33,1.0,0.9890909090909091,0.031520970002020476,0.9876543209876543,0.9999731182795699
RandomForestClassifier,control (none),34,1.0,0.9818181818181818,0.031204799997794908,0.980544747081712,0.9992028061224489
RandomForestClassifier,control (none),35,1.0,0.9854545454545455,0.031000049999420298,0.981651376146789,0.9995867768595041
RandomForestClassifier,control (none),36,1.0,0.9854545454545455,0.031264470002497546,0.9829059829059829,0.9990842490842491
RandomForestClassifier,control (none),37,1.0,0.9927272727272727,0.03143079000074067,0.9920634920634921,0.9998133333333334
RandomForestClassifier,control (none),38,1.0,0.9890909090909091,0.03286026000205311,0.9885057471264368,0.999867374005305
RandomForestClassifier,control (none),39,1.0,0.9963636363636363,0.031456889999390114,0.996078431372549,1.0
RandomForestClassifier,control (none),40,1.0,0.9854545454545455,0.031577580000885064,0.984251968503937,0.9998139880952381
RandomForestClassifier,control (none),41,1.0,0.9963636363636363,0.03133403999891016,0.9960474308300395,1.0
RandomForestClassifier,control (none),42,1.0,0.9927272727272727,0.031385250000312226,0.9920634920634921,0.998829538199617
RandomForestClassifier,control (none),43,1.0,0.9818181818181818,0.030674789999466157,0.979757085020243,0.9993057039094211
RandomForestClassifier,control (none),44,1.0,0.9890909090909091,0.031370310000056634,0.9884169884169884,0.9998672613358819
RandomForestClassifier,control (none),45,1.0,0.9854545454545455,0.030974490000517108,0.9805825242718447,0.9997469635627532
RandomForestClassifier,control (none),46,1.0,0.9854545454545455,0.030852540003252216,0.984,0.9991743901139876
RandomForestClassifier,control (none),47,1.0,0.9927272727272727,0.03250268999909167,0.9917355371900827,0.9998924731182796
RandomForestClassifier,control (none),48,1.0,0.9854545454545455,0.030487140000332147,0.984375,0.9995752362748221
RandomForestClassifier,control (none),49,1.0,0.9963636363636363,0.03081681000185199,0.9960159362549801,0.99992
RandomForestClassifier,control (none),50,1.0,0.9927272727272727,0.031288860001950525,0.9916666666666667,0.9999462365591398
RandomForestClassifier,control (none),51,1.0,0.9854545454545455,0.03209022000010009,0.9824561403508771,0.9996195652173914
RandomForestClassifier,control (none),52,1.0,0.9963636363636363,0.03231125999809592,0.9957446808510638,1.0
RandomForestClassifier,control (none),53,1.0,0.9963636363636363,0.03207942000153707,0.9960159362549801,1.0
RandomForestClassifier,control (none),54,1.0,0.9890909090909091,0.03135275999738951,0.9872340425531915,0.9996761308431394
RandomForestClassifier,control (none),55,1.0,0.9963636363636363,0.03345119999721646,0.9956709956709957,0.9998369565217392
RandomForestClassifier,control (none),56,1.0,0.9890909090909091,0.031444380001630634,0.986784140969163,0.9994796231375985
RandomForestClassifier,control (none),57,1.0,0.9927272727272727,0.03157803000067361,0.9913793103448276,0.9993493819128172
RandomForestClassifier,control (none),58,1.0,0.9854545454545455,0.031048289998580003,0.9831932773109243,0.9991650506356389
RandomForestClassifier,control (none),59,1.0,0.9927272727272727,0.03481425000063609,0.9915254237288136,0.9998650545179748
RandomForestClassifier,control (none),60,1.0,1.0,0.0339760800015938,1.0,1.0
RandomForestClassifier,control (none),61,1.0,0.9963636363636363,0.03143375999934506,0.9955947136563876,1.0
RandomForestClassifier,control (none),62,1.0,0.9963636363636363,0.03161078999983147,0.995260663507109,0.9999439775910364
RandomForestClassifier,control (none),63,1.0,0.9890909090909091,0.031235580001521157,0.986784140969163,0.9998904469763366
RandomForestClassifier,control (none),64,1.0,0.9963636363636363,0.033813179998105625,0.9956331877729258,0.999891304347826
RandomForestClassifier,control (none),65,1.0,0.9927272727272727,0.04376501999649918,0.9919354838709677,0.999626148258919
RandomForestClassifier,control (none),66,1.0,0.9963636363636363,0.03318416999900364,0.9961685823754789,0.9998938992042441
RandomForestClassifier,control (none),67,1.0,0.9927272727272727,0.0327495599995018,0.9916666666666667,0.9996774193548387
RandomForestClassifier,control (none),68,1.0,0.9963636363636363,0.0315769500011811,0.9960159362549801,0.9998933333333333
RandomForestClassifier,control (none),69,1.0,0.9927272727272727,0.03101238000090234,0.9917355371900827,0.9997853386283138
RandomForestClassifier,control (none),70,1.0,0.9890909090909091,0.03169395000077202,0.9878542510121457,0.9995446265938069
RandomForestClassifier,control (none),71,1.0,0.9890909090909091,0.03270492000228842,0.9882352941176471,0.9997871887635668
RandomForestClassifier,control (none),72,1.0,0.9927272727272727,0.03169530000013765,0.992,0.9999466666666668
RandomForestClassifier,control (none),73,1.0,0.9963636363636363,0.03218022000146448,0.9961685823754789,1.0
RandomForestClassifier,control (none),74,1.0,0.9890909090909091,0.03279285000098753,0.9881422924901185,0.9993874507297326
RandomForestClassifier,control (none),75,1.0,0.9854545454545455,0.039235590000316733,0.983739837398374,0.9997860504920839
RandomForestClassifier,control (none),76,1.0,0.9890909090909091,0.033185969998157816,0.9890909090909091,0.9997619803237068
RandomForestClassifier,control (none),77,1.0,0.9963636363636363,0.031326300002547214,0.9961089494163424,0.9999469045343529
RandomForestClassifier,control (none),78,1.0,0.9963636363636363,0.03162302999771782,0.9954337899543378,0.9999723665303415
RandomForestClassifier,control (none),79,1.0,0.9890909090909091,0.03110759999981383,0.9895470383275261,0.9998941014508101
RandomForestClassifier,control (none),80,1.0,0.9854545454545455,0.031725720000395086,0.984375,0.9997871887635668
RandomForestClassifier,control (none),81,1.0,0.9927272727272727,0.03132917999755591,0.9917355371900827,1.0
RandomForestClassifier,control (none),82,1.0,0.9963636363636363,0.03354039000259945,0.9957081545064378,0.9997560182173065
RandomForestClassifier,control (none),83,1.0,0.9890909090909091,0.0328923000015493,0.989010989010989,0.9995239606474134
RandomForestClassifier,control (none),84,1.0,0.9890909090909091,0.03170357999988482,0.9879518072289156,0.99968
RandomForestClassifier,control (none),85,1.0,0.9890909090909091,0.03131693999966956,0.9885931558935361,0.9996556473829201
RandomForestClassifier,control (none),86,1.0,0.9854545454545455,0.03137651999713853,0.9831932773109243,0.9990034475328593
RandomForestClassifier,control (none),87,1.0,0.9890909090909091,0.03169610999975703,0.9887640449438202,0.9994971948766804
RandomForestClassifier,control (none),88,1.0,0.9890909090909091,0.031082760000572307,0.9863013698630136,0.9996969696969698
RandomForestClassifier,control (none),89,1.0,0.9963636363636363,0.03163499999936903,0.9961977186311787,1.0
RandomForestClassifier,control (none),90,1.0,0.9963636363636363,0.03269438999996055,0.9957805907172996,0.9999730661495367
RandomForestClassifier,control (none),91,1.0,0.9927272727272727,0.03127428000152577,0.992,0.9997866666666667
RandomForestClassifier,control (none),92,1.0,0.9927272727272727,0.032742089999374,0.9915966386554622,0.999892264598147
RandomForestClassifier,control (none),93,1.0,0.9890909090909091,0.032099669999297475,0.9893238434163701,0.9996559754419393
RandomForestClassifier,control (none),94,1.0,0.9963636363636363,0.03085749000092619,0.9960159362549801,1.0
RandomForestClassifier,control (none),95,1.0,0.9963636363636363,0.03170052000132273,0.996078431372549,0.9999468537414966
RandomForestClassifier,control (none),96,1.0,0.9927272727272727,0.04817232000277727,0.9919354838709677,0.9996533333333334
RandomForestClassifier,control (none),97,1.0,0.9781818181818182,0.032012460000260035,0.975,0.9993560158849415
RandomForestClassifier,control (none),98,1.0,0.9927272727272727,0.03143159999672207,0.9912280701754386,0.9998913043478261
RandomForestClassifier,control (none),99,1.0,0.9890909090909091,0.031721130002551945,0.9877551020408163,0.9998660666452374
